id|direccion|ciudad|codigo_postal
151|P.O. Box 506, 4169 Rutrum Road|Broken Hill|T7S 8M5
179|3304 Sit St.|Geertruidenberg|9051
163|157-9888 Volutpat. Ave|Broken Hill|B3 8HL
163|903-9189 Sit St.|Berlin|10511
192|P.O. Box 465, 6609 At Road|Waitakere|553189
178|P.O. Box 234, 8131 Eleifend Avenue|Luino|2485
178|678-9007 Amet Avenue|Couthuin|720356
171|718-2574 Fringilla, Road|Murray Bridge|61619
150|P.O. Box 797, 1648 Enim Street|Berlin|90249
192|Ap #792-2303 Nulla St.|Sosnowiec|39782
159|P.O. Box 118, 3019 Aliquet Road|Broken Hill|77-195
199|3249 Nec, St.|Broken Hill|TB16 8US
193|258-2159 Consectetuer Avenue|Nelson|2338
183|5921 Nonummy. Ave|Mantova|2155
152|9813 Sed Rd.|Berlin|08432-211
199|Ap #815-1207 Luctus, Road|Uddevalla|4885
192|Ap #831-8329 Varius Street|Wanganui|302219
172|P.O. Box 373, 4267 Felis. St.|Lagos|7655LG
176|P.O. Box 185, 5193 Nisi Road|Floriffoux|02278
161|371-2405 Mi. Rd.|Kaduna|H0 7IS
193|5129 Vestibulum. Avenue|Broken Hill|80-518
186|469-5500 Ut, St.|Toledo|04360
176|P.O. Box 690, 2536 Quisque St.|Warri|472884
158|528-504 Molestie. St.|Nijkerk|0932
177|Ap #850-2302 Facilisis Rd.|Cork|52534
192|222-5387 Egestas Ave|Overland Park|2540
189|3109 Integer Avenue|Bremen|13969
151|2188 Nisi Rd.|Alcobendas|A2X 3A7
183|P.O. Box 817, 6565 Dapibus Rd.|Paine|61111
184|4595 Ut, Avenue|Kano|521519
188|Ap #308-7277 Elit, Rd.|Benalla|8890
153|3487 Dapibus Street|Worms|71778
174|132-3457 Mollis. Rd.|Harderwijk|93616
170|P.O. Box 267, 7413 Sodales Street|Emblem|22111
156|Ap #696-2577 Sit Street|Dandenong|06162
158|872-7820 Hendrerit St.|Sosnowiec|4409
176|5251 Proin Av.|Buguma|30600
152|520-1954 Mus. Road|Berlin|6730CP
151|126-5118 Lorem, St.|Dreux|43127
186|Ap #156-5366 Phasellus Rd.|Bauchi|41611
191|P.O. Box 660, 1443 Fermentum Rd.|Neu-Isenburg|9098
186|P.O. Box 230, 1962 Aliquam Avenue|Broken Hill|34416
158|8376 Ac Avenue|Bruderheim|8125
169|9016 Lobortis Avenue|Bauchi|879732
192|Ap #668-4348 Auctor Road|Navsari|71432
176|175-3121 Urna. Avenue|Vienna|B0 7NS
152|9993 Ante. Av.|Tokoroa|71708
159|P.O. Box 419, 3904 Ante Avenue|Vienna|678114
167|9634 Purus St.|Vienna|401849
161|753-8742 Ut, St.|Gbongan|10500
177|Ap #802-5751 Id Street|Hines Creek|34208-094
154|P.O. Box 936, 1001 A Street|Racine|98490-786
180|Ap #368-4783 Sit Rd.|San Antonio|4969
172|Ap #379-1753 Libero Rd.|Dublin|7044
162|Ap #476-1468 Eget Street|Lang|8721
162|P.O. Box 170, 9394 Turpis. Avenue|Appleby|5204
151|Ap #357-2935 Natoque Rd.|Broken Hill|364631
168|7216 Commodo Rd.|Boston|46-514
162|672-4623 Nunc Rd.|Luckenwalde|C4W 6L6
154|7569 Etiam Av.|Wyoming|R8S 0E3
186|Ap #933-7023 Lobortis St.|Elsene|J9W 1H1
194|1426 Sollicitudin Street|Pike Creek|813715
166|Ap #612-2575 Fermentum Street|Broken Hill|428029
151|7065 Mauris. Street|Dublin|26301
190|Ap #605-2706 Pede, Ave|New Haven|R8X 9X2
180|8759 Eu Rd.|Bellevue|1488MO
156|893-8719 Dictum Road|Berlin|72482
160|Ap #400-4819 Id St.|Bourges|44490
172|2595 Condimentum St.|Dublin|233369
154|6524 Ac, Avenue|Belfast|40100
155|7059 Magna St.|Gliwice|357547
155|P.O. Box 988, 5039 Praesent St.|Hamburg|31507
177|Ap #193-3189 Vehicula Street|Tran√•s|7516
197|8247 Ligula. Street|Tumba|1359
170|Ap #298-3354 Fusce St.|Belfast|8372
150|P.O. Box 795, 8542 Malesuada Ave|Broken Hill|43999
168|Ap #257-2160 Vitae, Road|Zaria|9970
155|112-9305 Lacus. St.|Kalisz|AD3 1PK
158|P.O. Box 605, 2823 Eget St.|Wilmont|509242
182|619 Sociis Rd.|Rotorua|84205
154|9701 Facilisis. Road|Hamme|31598-690
178|Ap #154-9378 Iaculis Street|Barcelona|50606
170|Ap #754-2516 Pellentesque Avenue|Richmond Hill|52600
171|Ap #740-2867 Dui, Ave|Almere|3653
198|350 Imperdiet Avenue|Dublin|66755
169|P.O. Box 277, 6301 Nec Street|Tillicoultry|494911
193|7231 Gravida Av.|Hamburg|4821
150|434-3736 Quis Road|Orilla|97679-502
186|5178 Quis Rd.|Zaragoza|28969
183|Ap #686-2986 Phasellus Rd.|Fishguard|851824
165|977-2400 Iaculis Avenue|Camaragibe|307998
168|P.O. Box 420, 983 Et Ave|Tay|0283QY
196|Ap #155-7203 Tellus Avenue|Berlin|28007
183|P.O. Box 785, 4663 Egestas Street|Victor Harbor|08-954
174|P.O. Box 303, 6054 Et, Rd.|Belgrave|24902-093
168|P.O. Box 316, 810 Pellentesque St.|Berlin|06568
175|450-3836 Dictum Rd.|Westmount|6247
160|605-1997 Vel Avenue|Enkhuizen|5671
163|Ap #949-7684 Placerat, Street|Anjou|81487
150|218-6246 Nunc, Rd.|Melville|86487-605
134|Ap #753-6856 Dis Rd.|Dallas|71414
157|Ap #730-6879 At St.|Hamburg|39976
157|Ap #306-3496 Feugiat. Avenue|Terneuzen|908392
160|410-9173 Ut, St.|Berlin|9785
143|8883 Lobortis Rd.|Orangeville|K8Y 1Y7
153|3805 Enim. Av.|Ankara|8139
138|713-6108 Consequat Rd.|Grezzana|837172
159|P.O. Box 949, 8857 Erat Ave|Georgia|00339
141|559-7789 Non Rd.|Te Puke|W77 3LK
159|Ap #477-8069 Vitae Rd.|Derby|442729
133|Ap #763-9616 Ac Rd.|Middelburg|59517
127|Ap #182-9348 Eget Ave|Rodez|FM3 8TA
142|4775 Vel Street|Berlin|7809
129|Ap #468-8340 Orci, Av.|Jerez de la Frontera|260310
135|P.O. Box 344, 3503 Justo. Ave|Jonesboro|18083
128|4589 Mus. Rd.|Alajuelita|87-089
148|6693 Consequat Rd.|Berlin|8086
155|P.O. Box 263, 8542 Pellentesque Av.|Dreux|1064
149|616-2362 Proin St.|San Rafael|634056
143|P.O. Box 347, 9271 Quisque Av.|Pabianice|12839
125|7267 Adipiscing Av.|Radom|7168
144|7229 Turpis. Rd.|Kaduna|W0 7NR
155|158-768 Enim Road|Talagante|27561
137|497-4137 Maecenas Avenue|Port Harcourt|N9M 3W1
145|Ap #654-3397 In St.|Kaduna|JZ0V 5VY
147|P.O. Box 110, 7315 Etiam Rd.|San Lorenzo Nuovo|6782
150|7716 Leo, Ave|Kaduna|3213
147|145-7938 Nec, Street|Lens|8227
160|1018 Nunc St.|Belford Roxo|1290
160|642-4725 Sociosqu St.|Galway|72238
153|P.O. Box 379, 4416 Ullamcorper. Avenue|Malbaie|428577
132|Ap #506-8105 Mauris Rd.|Ranchi|26309
156|723-6575 At St.|Kalisz|60526
146|350-7560 Et St.|Parla|13412-879
138|P.O. Box 872, 4331 Egestas. St.|Colombo|H7K 9R6
158|P.O. Box 818, 301 In, St.|Kano|89846
146|980-1510 Mollis Street|Richmond|14475
141|8922 Eget Avenue|Kaduna|60546
133|426-5867 Arcu Street|Tczew|320699
127|515-4093 Felis St.|Parla|5043CC
156|724-5714 Cursus. Rd.|Jammu|HP6C 6UT
154|367 Tincidunt Street|Hindupur|5262
146|732-255 Dignissim Street|Berlin|80385
147|P.O. Box 447, 6742 Dictum Rd.|Winchester|3254TW
139|Ap #500-8484 Proin Rd.|Kirriemuir|93182
146|P.O. Box 715, 1488 Velit. St.|Hindupur|R24 8IB
152|505-8521 Ipsum Ave|San Miguel|40919
156|Ap #459-1588 Ullamcorper Rd.|Galway|82928
145|862-5995 Cras Rd.|Wetaskiwin|1199
130|670-4407 Convallis St.|Cleveland|31354
148|P.O. Box 497, 9423 Est St.|Knighton|194526
128|401 In Road|Te Puke|TH9 1VP
132|279-2799 Ligula. St.|Provo|6868
130|772-7763 Consequat St.|Terneuzen|886049
138|P.O. Box 276, 4014 Integer St.|Savannah|717140
138|2582 Ac Rd.|Edmonton|056901
148|P.O. Box 963, 5226 Donec Rd.|Stamford|40285
154|974-2119 Vulputate, Rd.|Funtua|882343
126|Ap #171-6025 Blandit Ave|Minna|97574
131|8700 Nunc Road|Clearwater Municipal District|65221
135|5025 Sit Rd.|Feira de Santana|694206
150|6307 Ut St.|Vitry-sur-Seine|96856
135|Ap #445-7100 Nulla. Ave|Oderzo|4992
157|P.O. Box 536, 318 Id Av.|Bury St. Edmunds|9732
158|Ap #499-3098 Ligula Av.|Bloomington|533556
154|3550 Ipsum Rd.|Bama|502294
133|P.O. Box 344, 3292 Tempus Street|Provo|93636
127|6655 Taciti Street|Istanbul|5350
153|7021 Enim. Avenue|Nelson|3424
133|Ap #784-1839 Tempor Road|Gonda|01-668
142|8741 Dolor. Street|Kapolei|354187
140|971-5188 Ut Road|Dorval|G7Z 8Y0
140|P.O. Box 272, 6084 Sem, St.|Rangiora|07532
148|3985 Nam Rd.|Lisieux|910159
157|P.O. Box 658, 3507 Vel, St.|Wadgassen|DH0T 0BD
144|154-3824 Commodo St.|Drancy|3838
151|P.O. Box 217, 3400 Sit Av.|Vienna|81294
140|7411 Sem St.|Sedgewick|35522
160|Ap #878-6121 Penatibus St.|Mobile|45616
159|P.O. Box 771, 9128 A Street|Motala|1768
143|Ap #935-4469 Tellus Road|Tirupati|21122
151|Ap #812-7978 Nonummy. Road|Ludwigsburg|33753-003
139|959-511 Sit St.|Guadalajara|6307
151|3993 Congue, St.|Nelson|71171-351
132|793-472 Mus. St.|Albany|K9N 3T8
143|348-9247 Mauris Av.|Katsina|N7B 0E3
157|P.O. Box 694, 6395 Ultricies Street|Uddevalla|83457
152|6796 Proin St.|Forbach|33872
127|Ap #557-7617 Nec St.|Dublin|51304
150|945-4366 Ac Rd.|Belfast|22522
151|863-1611 Nibh. Rd.|Tczew|04770
151|469-380 Vulputate, Avenue|Minto|27291
160|P.O. Box 678, 7386 Est St.|Onitsha|1680
141|Ap #866-7156 Libero Street|Cartago|30400
153|Ap #793-6441 Tincidunt St.|Nelson|07359
131|Ap #128-3736 Nulla. St.|Leersum|8841
140|2793 Lorem, Ave|Neunkirchen|32066
148|7858 Vel, Ave|Algarrobo|57712-710
147|6272 Erat Street|Drancy|45-326
137|P.O. Box 853, 4053 Nunc St.|Bauchi|K3E 8G9
156|799-1976 Magna. St.|Melsbroek|8072
221|6170 Magna. Rd.|Kitchener|5857
223|P.O. Box 649, 3244 Curabitur Av.|Nelson|3170
183|P.O. Box 459, 5353 Eu, Road|Perpignan|848409
189|2727 Neque St.|Nelson|58366
210|P.O. Box 500, 104 Quis St.|Dublin|287441
195|P.O. Box 871, 4728 Quis, Avenue|Calle Blancos|9367
189|1346 Turpis. St.|Galway|7401
198|5979 Vitae, Rd.|Vanderhoof|60275
150|Ap #356-9688 Donec Street|Quarona|9005
151|283-885 Orci Rd.|Vienna|03112
222|467-1027 Tellus Street|Pirque|97306
213|493 Luctus Ave|Quesada|21509
173|8435 Ante St.|Nelson|31907
155|119 Lacus. Avenue|Nelson|N5N 3T5
221|P.O. Box 642, 6748 Eget, Road|Barcelona|94792
218|P.O. Box 683, 4050 Odio Avenue|Anglet|12184
166|P.O. Box 411, 7244 Ut Avenue|Hastings|4279DW
210|P.O. Box 932, 9587 Iaculis Av.|Belfast|02572
170|Ap #421-4592 Pretium Ave|Cork|797411
165|P.O. Box 937, 6364 Cubilia Av.|Barcelona|E9C 0P6
216|1613 Proin St.|Utrecht|914434
203|265-7062 Non St.|St. Catharines|38711-058
187|P.O. Box 461, 3737 Odio Avenue|Vienna|U3 8MU
220|2003 Donec Avenue|Boise|42003
190|P.O. Box 889, 1497 Metus. Rd.|Tirrases|35481
180|3693 A, Av.|Didim|804217
175|P.O. Box 208, 5412 Mauris. Rd.|Bundaberg|3459
163|2336 In Ave|Valera Fratta|41506
177|Ap #930-7180 Nec Ave|Grey County|37164
209|P.O. Box 580, 8200 Dictum Road|Liverpool|9481
170|8823 Imperdiet, Road|Bremerhaven|15718
224|837-9562 In Rd.|Roosendaal|27953
156|P.O. Box 249, 6140 Imperdiet Rd.|Pabianice|76067
174|P.O. Box 761, 7220 Ut, Av.|Richmond|66986
177|9692 Non, Ave|Gonda|08319
193|991-8895 Lorem Street|Barcelona|838663
174|5926 Duis Ave|Dublin|43873
180|Ap #926-6091 Vivamus Rd.|Bismil|3111II
166|5878 Vulputate Street|Vanier|31-955
178|P.O. Box 919, 7566 Enim. Road|Barcelona|34158
155|3280 Morbi Av.|Warren|964628
184|8120 Diam Road|Olympia|P1R 4E8
179|Ap #563-498 Nulla. St.|Avesta|53579
199|P.O. Box 874, 6248 Ante St.|Laon|7778
192|Ap #362-4984 Dapibus Ave|Kano|90323
170|P.O. Box 802, 8320 Nisl. Av.|Waiuku|43800
154|869-6191 Est, Street|Ried im Innkreis|35105-201
154|Ap #548-7782 Donec Av.|Opoeteren|9776
161|650-4681 Urna Rd.|Waalwijk|930128
152|P.O. Box 719, 4295 Turpis St.|Baton Rouge|097837
181|3195 Torquent Rd.|Istanbul|7196
184|P.O. Box 894, 2034 Ante. St.|Lexington|10776
172|P.O. Box 629, 8983 Scelerisque, Ave|Milwaukee|61713
168|Ap #837-6472 Arcu Av.|Funtua|FO14 8QS
201|Ap #172-7128 Risus. Rd.|New Orleans|4608
214|933-893 Neque Ave|Kendal|399188
216|3313 Vitae Av.|Palma de Mallorca|7873
193|Ap #328-5750 At, Street|Colomiers|56629-685
155|Ap #883-9807 Sed St.|Winchester|50493
214|5739 Proin Road|Barcelona|97543
195|Ap #414-4446 Aliquam Street|Wells|83375
167|1305 Auctor. St.|Owerri|066022
170|P.O. Box 810, 6080 Leo, St.|Orlando|1906
151|P.O. Box 868, 4342 Duis Road|Berlin|40703
163|Ap #334-7527 Id St.|Vienna|43434
201|Ap #669-1437 Nunc Street|New Plymouth|202093
211|Ap #256-1032 Vestibulum St.|Susegana|58053
166|P.O. Box 689, 9272 Magna Av.|Deschambault|8803
222|Ap #221-239 Massa St.|Barcelona|658909
213|490-2245 Nam Road|Opole|01938
176|731-6795 Pharetra St.|Vienna|71-133
168|Ap #747-6905 Tempus Avenue|Preston|55749
175|109-3429 Cras Avenue|Dos Hermanas|68225
210|P.O. Box 512, 7795 Metus Ave|Belford Roxo|61519
214|337-2663 Nascetur Ave|Kano|99596
186|Ap #825-972 Nulla. Av.|Kallo|81243-197
171|P.O. Box 906, 4610 Id, Street|Salamanca|Y7B 7V0
193|Ap #308-781 Sagittis Avenue|Lagos|5612
155|P.O. Box 746, 1856 Per Av.|Moffat|53957
157|Ap #246-1951 Ipsum St.|Minna|680157
191|P.O. Box 226, 7198 Mauris St.|Quesada|435712
169|Ap #211-8790 Dictum. St.|Las Palmas|46831
202|P.O. Box 463, 5234 Euismod Rd.|Houston|23650
224|205-2374 Eleifend Av.|Piracicaba|25507
180|228-8157 Non Avenue|Dublin|41417
215|Ap #188-5417 Venenatis Road|Mandasor|78877
155|7055 In Road|Vienna|52786
151|6817 Curabitur Avenue|Roosendaal|33112
200|Ap #895-148 Metus. St.|Barcelona|33970
186|Ap #669-4156 Ac Rd.|Barcelona|7023
186|Ap #142-2815 Aenean Road|Barcelona|89410
218|491-6744 At Avenue|Kalisz|1589
195|109-5917 Mauris Road|Georgia|B8E 7B2
205|Ap #725-3977 Sed St.|Okpoko|642759
195|690-824 Non, St.|Barcelona|41817
190|Ap #586-2556 In Avenue|Macerata|A7Z 2R4
